Date,Open,High,Low,Close,Volume,Adj Close
7/3/17,36.220001,36.325001,35.775002,35.875,57111200,34.10458
7/5/17,35.922501,36.197498,35.68,36.022499,86278400,34.244804
7/6/17,35.755001,35.875,35.602501,35.682499,96515200,33.921585
7/7/17,35.724998,36.1875,35.724998,36.044998,76806800,34.266182
7/10/17,36.0275,36.487499,35.842499,36.264999,84362400,34.47533
7/11/17,36.182499,36.462502,36.095001,36.3825,79127200,34.58704
7/12/17,36.467499,36.544998,36.205002,36.435001,99538000,34.636944
7/13/17,36.375,37.122501,36.360001,36.942501,100797600,35.119411
7/14/17,36.9925,37.3325,36.8325,37.259998,80528400,35.42123
7/17/17,37.205002,37.724998,37.142502,37.389999,95174000,35.544811
7/18/17,37.299999,37.532501,37.1675,37.52,71475200,35.668404
7/19/17,37.619999,37.855,37.487499,37.755001,83692000,35.8918
7/20/17,37.875,37.935001,37.547501,37.584999,68974800,35.730194
7/21/17,37.497501,37.610001,37.220001,37.567501,105010400,35.713554
7/24/17,37.645,38.110001,37.474998,38.022499,85972800,36.146103
7/25/17,37.950001,38.459999,37.950001,38.185001,75415600,36.300583
7/26/17,38.337502,38.482498,38.264999,38.365002,63124000,36.471699
7/27/17,38.4375,38.497501,36.825001,37.639999,129905200,35.782478
7/28/17,37.4725,37.557499,37.297501,37.375,68854800,35.53056
7/31/17,37.474998,37.5825,37.032501,37.182499,79383600,35.347557
8/1/17,37.275002,37.555,37.102501,37.512501,141474400,35.661274
8/2/17,39.82,39.9375,39.040001,39.285,279747200,37.346294
8/3/17,39.262501,39.302502,38.755001,38.892502,108389200,36.973164
8/4/17,39.017502,39.349998,38.922501,39.0975,82239600,37.168053
8/7/17,39.264999,39.73,39.1675,39.702499,87481200,37.743191
8/8/17,39.650002,40.4575,39.567501,40.02,144823600,38.045029
8/9/17,39.814999,40.317501,39.7775,40.264999,104526000,38.277931
8/10/17,39.974998,40,38.657501,38.830002,163217200,37.058712
8/11/17,39.150002,39.642502,39.017502,39.369999,105028400,37.574085
8/14/17,39.830002,40.052502,39.6875,39.962502,88490800,38.139553
8/15/17,40.165001,40.549999,40.035,40.400002,117862000,38.557091
8/16/17,40.485001,40.627499,40.037498,40.237499,110686400,38.402004
8/17/17,40.130001,40.177502,39.459999,39.465,111762400,37.664745
8/18/17,39.465,39.875,39.18,39.375,109712400,37.578846
8/21/17,39.375,39.4725,38.7775,39.302502,105474000,37.509666
8/22/17,39.557499,40,39.505001,39.945,86418400,38.122852
8/23/17,39.767502,40.1175,39.720001,39.994999,77596400,38.170567
8/24/17,40.107498,40.185001,39.637501,39.817501,79275600,38.001171
8/25/17,39.912498,40.139999,39.817501,39.965,101920400,38.141937
8/28/17,40.035,40.5,39.982498,40.3675,103864000,38.526073
8/29/17,40.025002,40.779999,40,40.727501,118067600,38.869652
8/30/17,40.950001,40.9725,40.6525,40.837502,109078400,38.97464
8/31/17,40.91,41.130001,40.869999,41,107140400,39.129723
9/1/17,41.200001,41.235001,40.907501,41.012501,66364400,39.141655
9/5/17,40.9375,41.0625,40.139999,40.52,117874000,38.671619
9/6/17,40.677502,40.747501,40.130001,40.477501,86606800,38.63105
9/7/17,40.522499,40.560001,40.09,40.314999,87714000,38.475971
9/8/17,40.215,40.287498,39.6325,39.657501,114446000,37.848465
9/11/17,40.125,40.512501,39.9725,40.375,126323200,38.533234
9/12/17,40.6525,40.990002,39.692501,40.215,286856000,38.380535
9/13/17,39.967499,39.990002,39.477501,39.912498,179629600,38.091831
9/14/17,39.747501,39.849998,39.522499,39.57,95042800,37.764954
9/15/17,39.6175,40.2425,39.5,39.970001,196458400,38.146713
9/18/17,40.0275,40.125,39.5,39.6675,113077600,37.858009
9/19/17,39.877499,39.942501,39.610001,39.682499,83242400,37.872318
9/20/17,39.474998,39.564999,38.4575,39.017502,211805600,37.237656
9/21/17,38.950001,38.950001,38.1875,38.3475,150046800,36.598213
9/22/17,37.884998,38.067501,37.639999,37.9725,186581600,36.240326
9/25/17,37.497501,37.9575,37.290001,37.637501,177549200,35.920605
9/26/17,37.945,38.48,37.922501,38.285,146640000,36.538574
9/27/17,38.450001,38.68,38.384998,38.557499,102016800,36.798649
9/28/17,38.4725,38.57,38.174999,38.32,88022000,36.57198
9/29/17,38.302502,38.532501,38,38.529999,105199200,36.772392
10/2/17,38.564999,38.612499,38.18,38.452499,74795200,36.698429
10/3/17,38.502499,38.772499,38.477501,38.619999,64921200,36.858295
10/4/17,38.407501,38.465,38.115002,38.369999,80655200,36.619701
10/5/17,38.544998,38.860001,38.512501,38.8475,85135200,37.07542
10/6/17,38.7425,38.872501,38.639999,38.825001,69630400,37.053932
10/9/17,38.952499,39.182499,38.872501,38.959999,65051600,37.182777
10/10/17,39.014999,39.5,38.775002,38.974998,62468000,37.197086
10/11/17,38.9925,39.244999,38.9375,39.137501,67622400,37.352184
10/12/17,39.087502,39.342499,38.932499,39,64500400,37.220959
10/13/17,39.182499,39.32,39.102501,39.247501,65576800,37.457169
10/16/17,39.474998,40,39.412498,39.970001,96486000,38.146713
10/17/17,39.945,40.217499,39.807499,40.1175,75989200,38.287483
10/18/17,40.105,40.177502,39.900002,39.939999,65496800,38.11808
10/19/17,39.1875,39.27,38.755001,38.994999,170336800,37.216187
10/20/17,39.1525,39.4375,38.990002,39.0625,95896400,37.280605
10/23/17,39.2225,39.422501,38.875,39.0425,87937200,37.261513
10/24/17,39.072498,39.355,39.049999,39.275002,71028800,37.48341
10/25/17,39.227501,39.387501,38.817501,39.102501,84828400,37.318779
10/26/17,39.307499,39.4575,39.195,39.352501,68002000,37.557373
10/27/17,39.822498,40.900002,39.674999,40.762501,177816800,38.903057
10/30/17,40.9725,42.017502,40.93,41.68,178803200,39.778709
10/31/17,41.974998,42.412498,41.735001,42.259998,144187200,40.332249
11/1/17,42.467499,42.485001,41.4025,41.7225,134551200,39.81926
11/2/17,41.650002,42.125,41.32,42.0275,165573600,40.110352
11/3/17,43.5,43.564999,42.779999,43.125,237594400,41.157791
11/6/17,43.092499,43.747501,42.93,43.5625,140105200,41.575329
11/7/17,43.477501,43.8125,43.400002,43.702499,97446000,41.708946
11/8/17,43.665001,44.060001,43.5825,44.060001,97638000,42.050133
11/9/17,43.7775,44.025002,43.285,43.970001,117930400,41.964245
11/10/17,43.7775,43.845001,43.567501,43.6675,100582000,41.825359
11/13/17,43.375,43.625,43.349998,43.4925,67928400,41.657742
11/14/17,43.259998,43.369999,42.794998,42.834999,99130000,41.027977
11/15/17,42.4925,42.580002,42.095001,42.27,116632400,40.486816
11/16/17,42.794998,42.967499,42.575001,42.775002,94550000,40.970509
11/17/17,42.759998,42.8475,42.41,42.537498,87598000,40.743034
11/20/17,42.572498,42.639999,42.389999,42.494999,65049600,40.702328
11/21/17,42.695,43.424999,42.695,43.285,100525200,41.459
11/22/17,43.34,43.75,43.262501,43.740002,102355600,41.894806
11/24/17,43.775002,43.875,43.662498,43.7425,56106800,41.897202
11/27/17,43.762501,43.77,43.334999,43.522499,82867200,41.686478
11/28/17,43.575001,43.717499,42.965,43.267502,105715200,41.442242
11/29/17,43.157501,43.23,41.790001,42.369999,166665600,40.5826
11/30/17,42.607498,43.035,42.110001,42.962502,166108800,41.150101
12/1/17,42.487499,42.9175,42.125,42.762501,159037200,40.958542
12/4/17,43.119999,43.154999,42.407501,42.450001,130169600,40.659222
12/5/17,42.264999,42.880001,42.099998,42.41,109400800,40.620907
12/6/17,41.875,42.549999,41.615002,42.252499,114240000,40.470047
12/7/17,42.2575,42.610001,42.227501,42.330002,102693200,40.544289
12/8/17,42.622501,42.75,42.205002,42.342499,93420800,40.556255
12/11/17,42.299999,43.2225,42.197498,43.1675,141095200,41.346455
12/12/17,43.037498,43.0975,42.865002,42.924999,77636800,41.114178
12/13/17,43.125,43.384998,43,43.067501,95273600,41.250671
12/14/17,43.099998,43.282501,42.912498,43.055,81906000,41.238701
12/15/17,43.407501,43.5425,43.115002,43.4925,160677200,41.657742
12/18/17,43.720001,44.299999,43.715,44.105,117684400,42.244408
12/19/17,43.7575,43.8475,43.522499,43.634998,109745600,41.794235
12/20/17,43.717499,43.855,43.3125,43.587502,93902400,41.748737
12/21/17,43.5425,44.005001,43.525002,43.752499,83799600,41.906773
12/22/17,43.669998,43.855,43.625,43.752499,65397600,41.906773
12/26/17,42.700001,42.8675,42.419998,42.642502,132742000,40.843605
12/27/17,42.525002,42.695,42.427502,42.650002,85992800,40.850788
12/28/17,42.75,42.962502,42.619999,42.77,65920800,40.965725
12/29/17,42.630001,42.647499,42.305,42.307499,103999600,40.522732
1/2/18,42.540001,43.075001,42.314999,43.064999,102223600,41.248272
1/3/18,43.1325,43.637501,42.990002,43.057499,118071600,41.241089
1/4/18,43.134998,43.3675,43.02,43.2575,89738400,41.432659
1/5/18,43.360001,43.842499,43.262501,43.75,94640000,41.904385
1/8/18,43.587502,43.9025,43.482498,43.587502,82271200,41.748737
1/9/18,43.637501,43.764999,43.352501,43.5825,86336000,41.74395
1/10/18,43.290001,43.575001,43.25,43.572498,95839600,41.73436
1/11/18,43.647499,43.872501,43.622501,43.82,74670800,41.97142
1/12/18,44.044998,44.34,43.912498,44.272499,101672400,42.404835
1/16/18,44.474998,44.8475,44.035,44.047501,118263600,42.189331
1/17/18,44.037498,44.8125,43.767502,44.775002,137547200,42.886143
1/18/18,44.842499,45.025002,44.5625,44.814999,124773600,42.924458
1/19/18,44.6525,44.895,44.352501,44.615002,129700400,42.732887
1/22/18,44.325001,44.445,44.150002,44.25,108434400,42.383293
1/23/18,44.325001,44.860001,44.205002,44.259998,130756400,42.392864
1/24/18,44.3125,44.325001,43.299999,43.555,204420400,41.717602
1/25/18,43.627499,43.737499,42.6325,42.7775,166116000,40.972904
1/26/18,43,43,42.514999,42.877499,156572000,41.068687
1/29/18,42.540001,42.540001,41.767502,41.990002,202561600,40.218624
1/30/18,41.3825,41.842499,41.174999,41.7425,184192800,39.981571
1/31/18,41.717499,42.110001,41.625,41.857498,129915600,40.091717
2/1/18,41.7925,42.154999,41.689999,41.945,188923200,40.175529
2/2/18,41.5,41.700001,40.025002,40.125,346375200,38.432304
2/5/18,39.775002,40.970001,39,39.122501,290954000,37.472095
2/6/18,38.7075,40.93,38.5,40.7575,272975200,39.03812
2/7/18,40.772499,40.849998,39.767502,39.884998,206434400,38.202431
2/8/18,40.072498,40.25,38.7575,38.787498,217562000,37.151226
2/9/18,39.267502,39.4725,37.560001,39.102501,282690400,37.605637
2/12/18,39.625,40.9725,39.377499,40.677502,243278000,39.120346
2/13/18,40.487499,41.1875,40.412498,41.084999,130196800,39.512245
2/14/18,40.759998,41.884998,40.720001,41.842499,162579600,40.240749
2/15/18,42.447498,43.272499,42.25,43.247501,204588800,41.591965
2/16/18,43.09,43.705002,42.942501,43.107498,160704400,41.457321
2/20/18,43.012501,43.564999,42.855,42.962502,135722000,41.317875
2/21/18,43.2075,43.529999,42.752499,42.767502,149886400,41.130344
2/22/18,42.950001,43.487499,42.927502,43.125,123967600,41.474155
2/23/18,43.4175,43.912498,43.384998,43.875,135249600,42.19545
2/26/18,44.087502,44.8475,44.052502,44.7425,152648800,43.029736
2/27/18,44.775002,45.119999,44.540001,44.5975,155712400,42.890293
2/28/18,44.814999,45.154999,44.512501,44.529999,151128400,42.825367
3/1/18,44.634998,44.945,43.165001,43.75,195208000,42.075233
3/2/18,43.200001,44.075001,43.112499,44.052502,153816000,42.36615
3/5/18,43.802502,44.435001,43.630001,44.205002,113605600,42.51281
3/6/18,44.477501,44.5625,44.032501,44.1675,95154000,42.476757
3/7/18,43.735001,43.962502,43.567501,43.7575,126814000,42.082439
3/8/18,43.869999,44.279999,43.767502,44.235001,95096400,42.541664
3/9/18,44.490002,45,44.3475,44.994999,128740800,43.272568
3/12/18,45.072498,45.5975,45.052502,45.43,128828400,43.690914
3/13/18,45.647499,45.875,44.810001,44.9925,126774000,43.270161
3/14/18,45.080002,45.130001,44.452499,44.610001,117473600,42.902306
3/15/18,44.625,45.060001,44.517502,44.662498,90975200,42.952797
3/16/18,44.662498,44.779999,44.404999,44.505001,157618800,42.801327
3/19/18,44.330002,44.3675,43.415001,43.825001,133787200,42.147354
3/20/18,43.810001,44.200001,43.735001,43.810001,78597600,42.132935
3/21/18,43.759998,43.772499,42.814999,42.817501,148219600,41.178425
3/22/18,42.5,43.169998,42.150002,42.212502,165963200,40.596588
3/23/18,42.0975,42.48,41.235001,41.235001,164115200,39.656502
3/26/18,42.017502,43.275002,41.610001,43.192501,150164800,41.539074
3/27/18,43.419998,43.787498,41.73,42.084999,163690400,40.473965
3/28/18,41.8125,42.505001,41.297501,41.619999,166674000,40.02676
3/29/18,41.952499,42.9375,41.724998,41.945,153594000,40.339329
4/2/18,41.66,42.235001,41.1175,41.669998,150347200,40.074856
4/3/18,41.91,42.1875,41.220001,42.0975,121112000,40.485985
4/4/18,41.220001,43.002499,41.192501,42.9025,138422000,41.26017
4/5/18,43.145,43.557499,43.02,43.200001,107732800,41.54628
4/6/18,42.7425,43.119999,42.049999,42.095001,140021200,40.483589
4/9/18,42.470001,43.272499,42.462502,42.512501,116070800,40.885101
4/10/18,43.25,43.5,42.8825,43.3125,113634400,41.65448
4/11/18,43.057499,43.48,42.924999,43.110001,89726400,41.459724
4/12/18,43.352501,43.75,43.259998,43.535,91557200,41.868465
4/13/18,43.695,43.959999,43.462502,43.682499,100497200,42.010315
4/16/18,43.7575,44.047501,43.7075,43.955002,86313600,42.272385
4/17/18,44.122501,44.735001,44.102501,44.560001,106421600,42.854218
4/18/18,44.452499,44.705002,44.220001,44.459999,83018000,42.758045
4/19/18,43.439999,43.8475,43.165001,43.200001,139235200,41.54628
4/20/18,42.650002,42.805,41.357498,41.43,261964400,39.844044
4/23/18,41.7075,41.73,41.022499,41.310001,146062000,39.728634
4/24/18,41.4175,41.5825,40.305,40.735001,134768000,39.175652
4/25/18,40.654999,41.355,40.602501,40.912498,113528400,39.346344
4/26/18,41.029999,41.432499,40.842499,41.055,111852000,39.483398
4/27/18,41,41.0825,40.157501,40.580002,142623200,39.026585
4/30/18,40.532501,41.814999,40.459999,41.314999,169709600,39.73344
5/1/18,41.602501,42.299999,41.317501,42.275002,214277600,40.6567
5/2/18,43.807499,44.4375,43.450001,44.142502,266157600,42.452709
5/3/18,43.970001,44.375,43.610001,44.2225,136272800,42.529636
5/4/18,44.5625,46.0625,44.5425,45.9575,224805200,44.198219
5/7/18,46.294998,46.9175,46.1875,46.290001,169805600,44.517998
5/8/18,46.247501,46.555,45.9175,46.512501,113611200,44.731987
5/9/18,46.637501,46.849998,46.305,46.84,92844800,45.046944
5/10/18,46.935001,47.592499,46.912498,47.509998,111957200,45.691292
5/11/18,47.372501,47.514999,46.862499,47.147499,104848800,45.517517
5/14/18,47.252499,47.3825,46.965,47.037498,83115200,45.41132
5/15/18,46.695,46.767502,46.275002,46.610001,94780800,44.9986
5/16/18,46.517502,47.115002,46.5,47.044998,76732400,45.41856
5/17/18,47,47.227501,46.59,46.747501,69176000,45.131348
5/18/18,46.797501,46.952499,46.532501,46.577499,73190800,44.967224
5/21/18,47,47.317501,46.727501,46.907501,73603200,45.28582
5/22/18,47.095001,47.220001,46.695,46.790001,60962800,45.172382
5/23/18,46.587502,47.125,46.439999,47.09,80233600,45.462009
5/24/18,47.192501,47.209999,46.552502,47.037498,92936000,45.41132
5/25/18,47.057499,47.412498,46.912498,47.145,69844000,45.515106
5/29/18,46.900002,47.1875,46.717499,46.974998,90056400,45.350979
5/30/18,46.93,47,46.695,46.875,74762000,45.254433
5/31/18,46.805,47.057499,46.535,46.717499,109931200,45.102379
6/1/18,46.997501,47.564999,46.9375,47.560001,93770000,45.915764
6/4/18,47.91,48.355,47.837502,47.9575,105064800,46.299515
6/5/18,48.267502,48.485001,48.09,48.327499,86264000,46.656719
6/6/18,48.407501,48.52,47.98,48.494999,83734400,46.818428
6/7/18,48.535,48.549999,48.084999,48.365002,85388800,46.692921
6/8/18,47.7925,48,47.442501,47.924999,106627200,46.268139
6/11/18,47.837502,47.9925,47.552502,47.807499,73234000,46.154701
6/12/18,47.8475,48.1525,47.787498,48.07,67644400,46.408119
6/13/18,48.105,48.220001,47.610001,47.674999,86553600,46.026775
6/14/18,47.887501,47.892502,47.555,47.700001,86440400,46.050911
6/15/18,47.5075,47.540001,47.064999,47.209999,246876800,45.577854
6/18/18,46.970001,47.305,46.799999,47.185001,73939600,45.553711
6/19/18,46.285,46.5825,45.862499,46.422501,134314000,44.817581
6/20/18,46.587502,46.799999,46.432499,46.625,82514800,45.013084
6/21/18,46.8125,47.087502,46.235001,46.365002,102847600,44.762074
6/22/18,46.529999,46.537498,46.174999,46.23,108801600,44.631737
6/25/18,45.849998,46.23,45.182499,45.5425,126652400,43.968006
6/26/18,45.747501,46.6325,45.634998,46.107498,98276800,44.51347
6/27/18,46.307499,46.82,46.0075,46.040001,101141200,44.448299
6/28/18,46.025002,46.552502,45.950001,46.375,69460800,44.771725
6/29/18,46.572498,46.797501,45.727501,46.2775,90950800,44.677597
7/2/18,45.955002,46.825001,45.855,46.794998,70925200,45.177208
7/3/18,46.947498,46.987499,45.884998,45.98,55819200,44.390381
7/5/18,46.314999,46.602501,46.07,46.349998,66416800,44.747585
7/6/18,46.355,47.107498,46.299999,46.9925,69940800,45.367878
7/9/18,47.375,47.669998,47.325001,47.645,79026400,45.997814
7/10/18,47.677502,47.82,47.544998,47.587502,63756400,45.94231
7/11/18,47.125,47.445,46.9025,46.970001,75326000,45.346149
7/12/18,47.3825,47.852501,47.327499,47.7575,72164400,46.106426
7/13/18,47.77,47.959999,47.724998,47.8325,50055600,46.178841
7/16/18,47.880001,48.162498,47.605,47.727501,60172400,46.077469
7/17/18,47.4375,47.967499,47.299999,47.862499,62138000,46.207802
7/18/18,47.945,47.950001,47.482498,47.599998,65573600,45.954376
7/19/18,47.422501,48.137501,47.422501,47.970001,81147200,46.311584
7/20/18,47.945,48.107498,47.5425,47.860001,82704800,46.205383
7/23/18,47.669998,47.990002,47.389999,47.9025,63957600,46.24641
7/24/18,48.112499,48.415001,48.012501,48.25,74791600,46.581894
7/25/18,48.264999,48.712502,48.107498,48.705002,66839600,47.021164
7/26/18,48.6525,48.990002,48.4025,48.552502,76304000,46.873936
7/27/18,48.747501,48.797501,47.525002,47.744999,96096000,46.094357
7/30/18,47.974998,48.049999,47.267502,47.477501,84118000,45.836105
7/31/18,47.575001,48.035,47.334999,47.572498,157492000,45.927818
8/1/18,49.782501,50.439999,49.327499,50.375,271742800,48.633434
8/2/18,50.145,52.095001,50.087502,51.8475,249616000,50.055027
8/3/18,51.7575,52.185001,51.369999,51.997501,133789600,50.199841
8/6/18,52,52.3125,51.767502,52.267502,101701600,50.46051
8/7/18,52.330002,52.375,51.689999,51.7775,102349600,49.98745
8/8/18,51.512501,51.952499,51.130001,51.8125,90102000,50.02124
8/9/18,52.3825,52.445,51.799999,52.220001,93970400,50.41465
8/10/18,51.84,52.275002,51.6675,51.8825,98444800,50.264481
8/13/18,52.327499,52.737499,51.924999,52.217499,103563600,50.589031
8/14/18,52.540001,52.639999,52.064999,52.4375,82992000,50.802181
8/15/18,52.305,52.685001,52.0825,52.560001,115230400,50.920856
8/16/18,52.9375,53.452499,52.8675,53.330002,114001600,51.666843
8/17/18,53.360001,54.487499,53.290001,54.395,141708000,52.698631
8/20/18,54.525002,54.794998,53.7775,53.865002,121150800,52.185158
8/21/18,54.200001,54.297501,53.5075,53.759998,104639200,52.083427
8/22/18,53.525002,54.09,53.459999,53.762501,76072400,52.085854
8/23/18,53.662498,54.262501,53.650002,53.872501,75532800,52.192421
8/24/18,54.150002,54.224998,53.7775,54.040001,73905600,52.354706
8/27/18,54.287498,54.685001,54.0825,54.485001,82100400,52.785831
8/28/18,54.752499,55.134998,54.73,54.924999,91107200,53.212097
8/29/18,55.037498,55.872501,54.852501,55.744999,109019200,54.006527
8/30/18,55.8125,57.064999,55.599998,56.2575,195175200,54.503052
8/31/18,56.627499,57.217499,56.5,56.907501,173360400,55.132774
9/4/18,57.102501,57.294998,56.657501,57.09,109560400,55.309586
9/5/18,57.247501,57.4175,56.275002,56.717499,133332000,54.948704
9/6/18,56.557499,56.837502,55.325001,55.775002,137160000,54.035595
9/7/18,55.462502,56.342499,55.177502,55.325001,150479200,53.599628
9/10/18,55.237499,55.462502,54.1175,54.5825,158066000,52.88028
9/11/18,54.502499,56.075001,54.139999,55.962502,142996000,54.217247
9/12/18,56.235001,56.25,54.959999,55.267502,197114800,53.543922
9/13/18,55.880001,57.087502,55.642502,56.602501,166825600,54.837284
9/14/18,56.4375,56.709999,55.630001,55.959999,127997200,54.214817
9/17/18,55.537498,55.737499,54.317501,54.470001,148780400,52.771297
9/18/18,54.447498,55.462502,54.279999,54.560001,126286800,52.858482
9/19/18,54.625,54.904999,53.825001,54.592499,108495200,52.889969
9/20/18,55.060001,55.57,54.787498,55.0075,106435200,53.292027
9/21/18,55.195,55.34,54.322498,54.415001,384986800,52.71801
9/24/18,54.205002,55.314999,54.157501,55.197498,110773600,53.476101
9/25/18,54.9375,55.705002,54.924999,55.547501,98217600,53.815186
9/26/18,55.25,55.9375,54.939999,55.105,95938800,53.386494
9/27/18,55.955002,56.610001,55.884998,56.237499,120724800,54.483662
9/28/18,56.197498,56.459999,56.005001,56.435001,91717600,54.675011
10/1/18,56.987499,57.355,56.587502,56.814999,94403200,55.043159
10/2/18,56.8125,57.5,56.657501,57.32,99152800,55.532413
10/3/18,57.512501,58.3675,57.445,58.017502,114619200,56.208157
10/4/18,57.695,58.087502,56.682499,56.997501,128168000,55.219967
10/5/18,56.990002,57.102501,55.145,56.072498,134322000,54.323814
10/8/18,55.552502,56.200001,55.049999,55.942501,118655600,54.197876
10/9/18,55.91,56.817501,55.5625,56.717499,107564000,54.948704
10/10/18,56.365002,56.587502,54.012501,54.09,167962400,52.403149
10/11/18,53.630001,54.875,53.080002,53.612499,212497600,51.940529
10/12/18,55.105,55.720001,54.209999,55.5275,161351600,53.795818
10/15/18,55.290001,55.4575,54.317501,54.34,123164000,52.645344
10/16/18,54.732498,55.747501,54.189999,55.537498,116736000,53.8055
10/17/18,55.575001,55.66,54.834999,55.297501,91541600,53.572983
10/18/18,54.465,54.935001,53.25,54.005001,130325200,52.320789
10/19/18,54.514999,55.314999,54.357498,54.827499,132314800,53.117638
10/22/18,54.947498,55.84,54.735001,55.162498,115168400,53.4422
10/23/18,53.9575,55.8125,53.674999,55.682499,155071200,53.945972
10/24/18,55.650002,56.057499,53.634998,53.772499,163702000,52.095543
10/25/18,54.427502,55.345001,54.1875,54.950001,119423200,53.23632
10/26/18,53.974998,55.047501,53.1675,54.075001,189033600,52.388607
10/29/18,54.797501,54.922501,51.522499,53.060001,183742000,51.405266
10/30/18,52.787498,53.794998,52.317501,53.325001,146640000,51.661995
10/31/18,54.220001,55.112499,54.154999,54.715,153435600,53.008659
11/1/18,54.762501,55.59,54.202499,55.555,233292800,53.822456
11/2/18,52.387501,53.412498,51.357498,51.869999,365314800,50.25238
11/5/18,51.075001,51.0975,49.5425,50.397499,264654800,48.825794
11/6/18,50.48,51.18,50.422501,50.942501,127531600,49.353802
11/7/18,51.4925,52.514999,51.032501,52.487499,133697600,50.85062
11/8/18,52.494999,52.529999,51.6875,52.122501,101450400,50.673195
11/9/18,51.387501,51.502499,50.5625,51.1175,137463200,49.69614
11/12/18,49.75,49.962502,48.447498,48.5425,204542000,47.192734
11/13/18,47.907501,49.294998,47.862499,48.057499,187531600,46.721222
11/14/18,48.474998,48.619999,46.482498,46.700001,243204000,45.401474
11/15/18,47.0975,47.9925,46.724998,47.852501,185915200,46.521931
11/16/18,47.625,48.7425,47.365002,48.3825,147713200,47.037186
11/19/18,47.5,47.674999,46.247501,46.465,167701200,45.173004
11/20/18,44.592499,45.3675,43.877499,44.244999,271300800,43.014729
11/21/18,44.932499,45.067501,44.137501,44.195,124496800,42.966125
11/23/18,43.735001,44.150002,43.025002,43.072498,94496000,41.87484
11/26/18,43.560001,43.737499,42.564999,43.654999,179994000,42.441139
11/27/18,42.877499,43.692501,42.720001,43.560001,165549600,42.348778
11/28/18,44.182499,45.322498,43.732498,45.235001,184250000,43.977207
11/29/18,45.665001,45.700001,44.424999,44.887501,167080000,43.639374
11/30/18,45.072498,45.0825,44.2575,44.645,158126000,43.40361
12/3/18,46.115002,46.235001,45.302502,46.205002,163210000,44.920231
12/4/18,45.237499,45.5975,44.067501,44.172501,165377200,42.944248
12/6/18,42.939999,43.695,42.605,43.68,172393600,42.465446
12/7/18,43.372501,43.622501,42.075001,42.122501,169126400,40.951248
12/10/18,41.25,42.522499,40.8325,42.400002,248104000,41.221031
12/11/18,42.915001,42.947498,41.75,42.157501,189126800,40.985283
12/12/18,42.599998,42.98,42.255001,42.275002,142510800,41.09951
12/13/18,42.622501,43.142502,42.387501,42.737499,127594400,41.549152
12/14/18,42.25,42.27,41.32,41.369999,162814800,40.219673
12/17/18,41.362499,42.087502,40.682499,40.985001,177151600,39.845383
12/18/18,41.345001,41.8825,41.0975,41.517502,135366000,40.363075
12/19/18,41.5,41.862499,39.772499,40.2225,196189200,39.10408
12/20/18,40.099998,40.5275,38.825001,39.2075,259092000,38.117302
12/21/18,39.215,39.540001,37.407501,37.682499,382978400,36.634705
12/24/18,37.037498,37.887501,36.647499,36.7075,148676800,35.686813
12/26/18,37.075001,39.307499,36.68,39.2925,234330000,38.19994
12/27/18,38.959999,39.192501,37.517502,39.037498,212468400,37.952026
12/28/18,39.375,39.630001,38.637501,39.057499,169165600,37.971478
12/31/18,39.6325,39.84,39.119999,39.435001,140014000,38.338478
1/2/19,38.7225,39.712502,38.557499,39.48,148158800,38.382229
1/3/19,35.994999,36.43,35.5,35.547501,365248800,34.559078
1/4/19,36.1325,37.137501,35.950001,37.064999,234428400,36.03437
1/7/19,37.174999,37.2075,36.474998,36.982498,219111200,35.95417
1/8/19,37.389999,37.955002,37.130001,37.6875,164101200,36.639565
1/9/19,37.822498,38.6325,37.407501,38.327499,180396400,37.261772
1/10/19,38.125,38.4925,37.715,38.450001,143122800,37.380867
1/11/19,38.220001,38.424999,37.877499,38.072498,108092800,37.013863
1/14/19,37.712502,37.817501,37.305,37.5,129756800,36.457287
1/15/19,37.567501,38.3475,37.512501,38.267502,114843600,37.203442
1/16/19,38.27,38.970001,38.25,38.735001,122278800,37.65794
1/17/19,38.549999,39.415001,38.314999,38.965,119284800,37.881542
1/18/19,39.375,39.470001,38.994999,39.205002,135004000,38.114872
1/22/19,39.102501,39.182499,38.154999,38.325001,121576000,37.259346
1/23/19,38.537498,38.785,37.924999,38.48,92522400,37.41003
1/24/19,38.5275,38.619999,37.935001,38.174999,101766000,37.113518
1/25/19,38.869999,39.532501,38.580002,39.439999,134142000,38.34333
1/28/19,38.947498,39.0825,38.415001,39.075001,104768400,37.988491
1/29/19,39.0625,39.532501,38.5275,38.669998,166348800,37.594753
1/30/19,40.8125,41.537498,40.057499,41.3125,244439200,40.163769
1/31/19,41.5275,42.25,41.139999,41.610001,162958400,40.453007
2/1/19,41.740002,42.244999,41.482498,41.630001,130672400,40.47245
2/4/19,41.852501,42.915001,41.82,42.8125,125982000,41.622059
2/5/19,43.215,43.77,43.087502,43.544998,144406400,42.334198
2/6/19,43.662498,43.892502,43.212502,43.560001,112958400,42.348778
2/7/19,43.099998,43.485001,42.584999,42.735001,126966800,41.546719
2/8/19,42.247501,42.665001,42.105,42.602501,95280000,41.595535
2/11/19,42.762501,42.802502,42.3125,42.357498,83973600,41.356327
2/12/19,42.525002,42.75,42.424999,42.7225,89134000,41.712708
2/13/19,42.8475,43.119999,42.48,42.544998,89960800,41.539394
2/14/19,42.427502,42.814999,42.345001,42.700001,87342800,41.690739
2/15/19,42.8125,42.924999,42.4375,42.605,98507200,41.597973
2/19/19,42.427502,42.860001,42.372501,42.732498,75891200,41.722466
2/20/19,42.797501,43.330002,42.747501,43.0075,104457600,41.990967
2/21/19,42.950001,43.092499,42.575001,42.764999,68998800,41.754196
2/22/19,42.895,43.25,42.845001,43.2425,75652800,42.220417
2/25/19,43.540001,43.967499,43.487499,43.557499,87493600,42.527966
2/26/19,43.427502,43.825001,43.2925,43.5825,68280800,42.552376
2/27/19,43.302502,43.75,43.182499,43.717499,111341600,42.684185
2/28/19,43.580002,43.727501,43.23,43.287498,112861600,42.264351
3/1/19,43.57,43.787498,43.2225,43.7425,103544800,42.708599
3/4/19,43.922501,44.4375,43.4925,43.962502,109744800,42.923389
3/5/19,43.985001,44,43.634998,43.8825,78949600,42.845276
3/6/19,43.6675,43.872501,43.485001,43.630001,83241600,42.598755
3/7/19,43.467499,43.610001,43.005001,43.125,99185600,42.10569
3/8/19,42.580002,43.267502,42.375,43.227501,95997600,42.205765
3/11/19,43.872501,44.779999,43.837502,44.724998,128044000,43.667873
3/12/19,45,45.6675,44.842499,45.227501,129870400,44.158497
3/13/19,45.5625,45.825001,45.23,45.427502,124130000,44.353764
3/14/19,45.974998,46.025002,45.639999,45.932499,94318000,44.846821
3/15/19,46.212502,46.8325,45.935001,46.529999,156171600,45.430202
3/18/19,46.450001,47.0975,46.447498,47.005001,104879200,45.893982
3/19/19,47.087502,47.247501,46.48,46.6325,126585600,45.530289
3/20/19,46.557499,47.372501,46.182499,47.040001,124140800,45.928154
3/21/19,47.505001,49.0825,47.452499,48.772499,204136800,47.619701
3/22/19,48.834999,49.422501,47.695,47.762501,169630800,46.633575
3/25/19,47.877499,47.994999,46.650002,47.185001,175381200,46.069717
3/26/19,47.915001,48.220001,46.145,46.697498,199202000,45.593746
3/27/19,47.1875,47.439999,46.637501,47.1175,119393600,46.003822
3/28/19,47.237499,47.389999,46.8825,47.18,83121600,46.064842
3/29/19,47.4575,47.52,47.134998,47.487499,94256000,46.365074
4/1/19,47.91,47.919998,47.095001,47.810001,111448000,46.679958
4/2/19,47.772499,48.615002,47.762501,48.505001,91062800,47.358524
4/3/19,48.3125,49.125,48.287498,48.837502,93087200,47.68317
4/4/19,48.697498,49.092499,48.285,48.922501,76457200,47.766151
4/5/19,49.112499,49.275002,48.982498,49.25,74106400,48.085915
4/8/19,49.105,50.057499,49.084999,50.025002,103526800,48.842606
4/9/19,50.080002,50.712502,49.807499,49.875,143072800,48.696148
4/10/19,49.669998,50.185001,49.544998,50.154999,86781200,48.969524
4/11/19,50.212502,50.25,49.610001,49.737499,83603200,48.561893
4/12/19,49.799999,50.035,49.052502,49.717499,111042800,48.542358
4/15/19,49.645,49.962502,49.502499,49.807499,70146400,48.630234
4/16/19,49.865002,50.342499,49.639999,49.8125,102785600,48.63512
4/17/19,49.884998,50.845001,49.6525,50.782501,115627200,49.582195
4/18/19,50.779999,51.037498,50.630001,50.965,96783200,49.760384
4/22/19,50.7075,51.235001,50.584999,51.1325,77758000,49.92392
4/23/19,51.107498,51.9375,50.974998,51.869999,93292000,50.643993
4/24/19,51.84,52.119999,51.762501,51.790001,70162400,50.565884
4/25/19,51.7075,51.939999,51.279999,51.32,74172800,50.106991
4/26/19,51.224998,51.25,50.529999,51.075001,74596400,49.867779
4/29/19,51.099998,51.4925,50.965,51.1525,88818800,49.943447
4/30/19,50.764999,50.849998,49.7775,50.1675,186139600,48.981728
5/1/19,52.470001,53.827499,52.307499,52.630001,259309200,51.386028
5/2/19,52.459999,53.162498,52.032501,52.287498,127985200,51.051617
5/3/19,52.7225,52.959999,52.557499,52.9375,83569600,51.686256
5/6/19,51.072498,52.209999,50.875,52.119999,129772400,50.888084
5/7/19,51.470001,51.855,50.2075,50.715,155054800,49.516289
5/8/19,50.474998,51.334999,50.4375,50.724998,105358000,49.526047
5/9/19,50.099998,50.419998,49.165001,50.18,139634400,48.993931
5/10/19,49.355,49.712502,48.192501,49.294998,164834800,48.315205
5/13/19,46.927502,47.369999,45.712502,46.43,229722400,45.507145
5/14/19,46.602501,47.424999,46.352501,47.165001,146118800,46.227535
5/15/19,46.567501,47.9375,46.505001,47.73,106178800,46.7813
5/16/19,47.477501,48.1175,47.209999,47.52,132125600,46.575474
5/17/19,46.732498,47.724998,46.689999,47.25,131516400,46.310848
5/20/19,45.880001,46.087502,45.07,45.772499,154449200,44.862717
5/21/19,46.305,47,46.174999,46.650002,113459200,45.722771
5/22/19,46.165001,46.427502,45.637501,45.695,118994400,44.786758
5/23/19,44.950001,45.134998,44.452499,44.915001,146118800,44.022259
5/24/19,45.049999,45.535,44.654999,44.7425,94858800,43.853184
5/28/19,44.73,45.147499,44.477501,44.557499,111792800,43.671864
5/29/19,44.105,44.837502,44,44.345001,113924800,43.463585
5/30/19,44.487499,44.807499,44.1675,44.575001,84873600,43.689014
5/31/19,44.057499,44.497501,43.747501,43.767502,108174400,42.897572
6/3/19,43.900002,44.48,42.567501,43.325001,161584400,42.463867
6/4/19,43.860001,44.9575,43.630001,44.91,123872000,44.017353
6/5/19,46.07,46.247501,45.285,45.634998,119093600,44.72794
6/6/19,45.77,46.3675,45.537498,46.305,90105200,45.384624
6/7/19,46.627499,47.98,46.442501,47.537498,122737600,46.592632
6/10/19,47.952499,48.842499,47.904999,48.145,104883600,47.188061
6/11/19,48.715,49,48.400002,48.702499,107731600,47.734474
6/12/19,48.487499,48.9925,48.3475,48.547501,73012800,47.582554
6/13/19,48.674999,49.197498,48.400002,48.537498,86698400,47.572758
6/14/19,47.887501,48.397499,47.575001,48.185001,75046000,47.227264
6/17/19,48.224998,48.740002,48.0425,48.4725,58676400,47.509045
6/18/19,49.012501,50.072498,48.802502,49.612499,106204000,48.626396
6/19/19,49.919998,49.970001,49.327499,49.467499,84496800,48.484268
6/20/19,50.092499,50.1525,49.5075,49.865002,86056000,48.873875
6/21/19,49.700001,50.212502,49.537498,49.695,191202400,48.707249
6/24/19,49.634998,50.040001,49.5425,49.645,72881600,48.658245
6/25/19,49.607498,49.814999,48.822498,48.892502,84281200,47.920704
6/26/19,49.442501,50.247501,49.337502,49.950001,104270000,48.957184
6/27/19,50.072498,50.392502,49.892502,49.935001,83598800,48.942478
6/28/19,49.669998,49.875,49.262501,49.48,124442400,48.496521
7/1/19,50.7925,51.122501,50.162498,50.387501,109012000,49.385983
7/2/19,50.352501,50.782501,50.34,50.682499,67740800,49.675121
7/3/19,50.82,51.110001,50.672501,51.102501,45448000,50.086777
7/5/19,50.837502,51.27,50.724998,51.057499,69062000,50.042667
7/8/19,50.202499,50.349998,49.602501,50.005001,101354400,49.011086
7/9/19,49.799999,50.377499,49.702499,50.310001,82312000,49.310032
7/10/19,50.462502,50.932499,50.389999,50.807499,71588400,49.79763
7/11/19,50.827499,51.0975,50.427502,50.4375,80767200,49.434998
7/12/19,50.612499,51,50.549999,50.825001,70380800,49.814785
7/15/19,51.022499,51.467499,51,51.302502,67789600,50.282806
7/16/19,51.147499,51.5275,50.875,51.125,67467200,50.108826
7/17/19,51.012501,51.272499,50.817501,50.837502,56430000,49.827045
7/18/19,51,51.470001,50.924999,51.415001,74162400,50.393063
7/19/19,51.447498,51.625,50.59,50.647499,83717200,49.640816
7/22/19,50.912498,51.807499,50.9025,51.805,89111600,50.775307
7/23/19,52.115002,52.227501,51.822498,52.209999,73420800,51.17226
7/24/19,51.9175,52.287498,51.7925,52.1675,59966400,51.1306
7/25/19,52.2225,52.310001,51.682499,51.755001,55638400,50.726307
7/26/19,51.869999,52.432499,51.785,51.935001,70475600,50.902725
7/29/19,52.115002,52.66,52.110001,52.419998,86693600,51.378078
7/30/19,52.189999,52.540001,51.827499,52.195,135742800,51.157562
7/31/19,54.105,55.342499,52.825001,53.259998,277125600,52.201385
8/1/19,53.474998,54.5075,51.685001,52.107498,216071600,51.071793
8/2/19,51.3825,51.607498,50.407501,51.005001,163448400,49.991215
8/5/19,49.497501,49.662498,48.145,48.334999,209572000,47.374287
8/6/19,49.077499,49.517502,48.509998,49.25,143299200,48.271091
8/7/19,48.852501,49.889999,48.455002,49.759998,133457600,48.770958
8/8/19,50.049999,50.8825,49.8475,50.857498,108038000,49.846642
8/9/19,50.325001,50.689999,49.822498,50.247501,98478800,49.435886
8/12/19,49.904999,50.512501,49.787498,50.119999,89927600,49.310444
8/13/19,50.255001,53.035,50.119999,52.2425,188874000,51.398666
8/14/19,50.790001,51.610001,50.647499,50.6875,146189600,49.868778
8/15/19,50.865002,51.285,49.9175,50.435001,108909600,49.620358
8/16/19,51.07,51.790001,50.959999,51.625,110481600,50.791138
8/19/19,52.654999,53.182499,52.5075,52.587502,97654400,51.738094
8/20/19,52.720001,53.337502,52.580002,52.59,107537200,51.740555
8/21/19,53.247501,53.412498,52.900002,53.16,86141600,52.301346
8/22/19,53.297501,53.610001,52.6875,53.115002,89014800,52.257072
8/23/19,52.357498,53.012501,50.25,50.66,187272000,49.841724
8/26/19,51.465,51.797501,51.264999,51.622501,104174400,50.788677
8/27/19,51.965,52.137501,50.8825,51.040001,103493200,50.215584
8/28/19,51.025002,51.43,50.830002,51.3825,63755200,50.552551
8/29/19,52.125,52.330002,51.665001,52.252499,83962000,51.408504
8/30/19,52.540001,52.612499,51.799999,52.185001,84573600,51.342091
9/3/19,51.607498,51.744999,51.055,51.424999,80092000,50.594368
9/4/19,52.0975,52.369999,51.830002,52.297501,76752400,51.452774
9/5/19,53,53.4925,52.877499,53.32,95654800,52.458755
9/6/19,53.512501,53.605,53.127499,53.314999,77449200,52.453838
9/9/19,53.709999,54.110001,52.767502,53.5425,109237600,52.677666
9/10/19,53.465,54.195,52.927502,54.174999,127111600,53.299942
9/11/19,54.517502,55.927502,54.432499,55.897499,177158400,54.994621
9/12/19,56.200001,56.605,55.715,55.772499,128906800,54.871639
9/13/19,55,55.197498,54.255001,54.6875,159053200,53.804165
9/16/19,54.432499,55.032501,54.389999,54.974998,84632400,54.087029
9/17/19,54.990002,55.205002,54.779999,55.174999,73274800,54.283798
9/18/19,55.264999,55.712502,54.860001,55.692501,101360000,54.792931
9/19/19,55.502499,55.939999,55.092499,55.240002,88242400,54.347748
9/20/19,55.345001,55.639999,54.3675,54.432499,221652400,53.553288
9/23/19,54.737499,54.959999,54.412498,54.68,76662000,53.796787
9/24/19,55.2575,55.622501,54.297501,54.419998,124763200,53.540985
9/25/19,54.637501,55.375,54.285,55.2575,87613600,54.364967
9/26/19,55,55.235001,54.7075,54.9725,75334000,54.084568
9/27/19,55.134998,55.240002,54.32,54.705002,101408000,53.821392
9/30/19,55.224998,56.145,55.197498,55.9925,103909600,55.088093
10/1/19,56.267502,57.055,56.049999,56.147499,139223200,55.240589
10/2/19,55.764999,55.895,54.482498,54.740002,138449200,53.85582
10/3/19,54.607498,55.240002,53.782501,55.205002,114426000,54.313313
10/4/19,56.41,56.872501,55.9725,56.752499,138478800,55.835812
10/7/19,56.567501,57.482498,56.459999,56.764999,122306000,55.848118
10/8/19,56.455002,57.014999,56.0825,56.099998,111820000,55.193855
10/9/19,56.7575,56.947498,56.41,56.7575,74770400,55.840733
10/10/19,56.982498,57.610001,56.825001,57.522499,113013600,56.59338
10/11/19,58.237499,59.41,58.077499,59.052502,166795600,58.098667
10/14/19,58.724998,59.532501,58.6675,58.967499,96427600,58.01503
10/15/19,59.0975,59.412498,58.720001,58.830002,87360000,57.879761
10/16/19,58.342499,58.810001,58.299999,58.592499,73903200,57.646095
10/17/19,58.772499,59.037498,58.380001,58.82,67585200,57.869915
10/18/19,58.647499,59.395,58.572498,59.102501,97433600,58.147865
10/21/19,59.380001,60.247501,59.330002,60.127499,87247200,59.156303
10/22/19,60.290001,60.549999,59.904999,59.990002,82293600,59.021023
10/23/19,60.525002,60.810001,60.305,60.794998,75828800,59.813023
10/24/19,61.127499,61.200001,60.452499,60.895,69275200,59.911404
10/25/19,60.790001,61.682499,60.720001,61.645,73477200,60.649292
10/28/19,61.855,62.3125,61.68,62.262501,96572800,61.256817
10/29/19,62.2425,62.4375,60.642502,60.822498,142839600,59.84008
10/30/19,61.189999,61.325001,60.302502,60.814999,124522000,59.832695
10/31/19,61.810001,62.2925,59.314999,62.189999,139162000,61.185486
11/1/19,62.384998,63.982498,62.290001,63.955002,151125200,62.921982
11/4/19,64.332497,64.462502,63.845001,64.375,103272000,63.335194
11/5/19,64.262497,64.547501,64.080002,64.282501,79897600,63.244194
11/6/19,64.192497,64.372498,63.842499,64.309998,75864400,63.271248
11/7/19,64.684998,65.087502,64.527496,64.857498,94940400,64.00148
11/8/19,64.672501,65.110001,64.212502,65.035004,69986400,64.176636
11/11/19,64.574997,65.6175,64.57,65.550003,81821200,64.684837
11/12/19,65.387497,65.697502,65.230003,65.489998,87388800,64.625618
11/13/19,65.282501,66.195,65.267502,66.1175,102734400,65.244843
11/14/19,65.9375,66.220001,65.525002,65.660004,89182800,64.793388
11/15/19,65.919998,66.445,65.752502,66.440002,100206400,65.563095
11/18/19,66.449997,66.857498,66.057503,66.775002,86703200,65.893669
11/19/19,66.974998,67,66.347504,66.572502,76167200,65.69384
11/20/19,66.385002,66.519997,65.099998,65.797501,106234400,64.92907
11/21/19,65.922501,66.002502,65.294998,65.502502,121395200,64.63797
11/22/19,65.647499,65.794998,65.209999,65.445,65325200,64.581215
11/25/19,65.677498,66.610001,65.629997,66.592499,84020400,65.71357
11/26/19,66.735001,66.790001,65.625,66.072502,105207600,65.200447
11/27/19,66.394997,66.995003,66.327499,66.959999,65235600,66.076233
11/29/19,66.650002,67,66.474998,66.8125,46617600,65.930664
12/2/19,66.817497,67.0625,65.862503,66.040001,94487200,65.168365
12/3/19,64.577499,64.8825,64.072502,64.862503,114430400,64.006416
12/4/19,65.267502,65.827499,65.169998,65.434998,67181600,64.57135
12/5/19,65.947502,66.472504,65.682503,66.394997,74424400,65.518661
12/6/19,66.870003,67.75,66.824997,67.677498,106075600,66.784256
12/9/19,67.5,67.699997,66.227501,66.730003,128042400,65.849266
12/10/19,67.150002,67.517502,66.464996,67.120003,90420400,66.234108
12/11/19,67.202499,67.775002,67.125,67.692497,78756800,66.799057
12/12/19,66.945,68.139999,66.830002,67.864998,137310400,66.969292
12/13/19,67.864998,68.824997,67.732498,68.787498,133587600,67.879601
12/16/19,69.25,70.197502,69.245003,69.964996,128186000,69.041557
12/17/19,69.892502,70.442497,69.699997,70.102501,114158400,69.177261
12/18/19,69.949997,70.474998,69.779999,69.934998,116028400,69.011955
12/19/19,69.875,70.294998,69.737503,70.004997,98369200,69.081039
12/20/19,70.557503,70.662498,69.639999,69.860001,275978000,68.93795
12/23/19,70.1325,71.0625,70.092499,71,98572000,70.062904
12/24/19,71.172501,71.222504,70.730003,71.067497,48478800,70.129517
12/26/19,71.205002,72.495003,71.175003,72.477501,93121200,71.520905
12/27/19,72.779999,73.4925,72.029999,72.449997,146266000,71.493759
12/30/19,72.364998,73.172501,71.305,72.879997,144114400,71.918083
12/31/19,72.482498,73.419998,72.379997,73.412498,100805600,72.443558
1/2/20,74.059998,75.150002,73.797501,75.087502,135480400,74.096443
1/3/20,74.287498,75.144997,74.125,74.357498,146322800,73.376083
1/6/20,73.447502,74.989998,73.1875,74.949997,118387200,73.96077
1/7/20,74.959999,75.224998,74.370003,74.597504,108872000,73.61293
1/8/20,74.290001,76.110001,74.290001,75.797501,132079200,74.797081
1/9/20,76.809998,77.607498,76.550003,77.407501,170108400,76.385834
1/10/20,77.650002,78.167503,77.0625,77.582497,140644800,76.558517
1/13/20,77.910004,79.267502,77.787498,79.239998,121532000,78.194145
1/14/20,79.175003,79.392502,78.042503,78.169998,161954400,77.13826
1/15/20,77.962502,78.875,77.387497,77.834999,121923600,76.807701
1/16/20,78.397499,78.925003,78.022499,78.809998,108829200,77.769821
1/17/20,79.067497,79.684998,78.75,79.682503,137816400,78.630814
1/21/20,79.297501,79.754997,79,79.142502,110843200,78.097939
1/22/20,79.644997,79.997498,79.327499,79.425003,101832400,78.376717
1/23/20,79.480003,79.889999,78.912498,79.807503,104472000,78.754158
1/24/20,80.0625,80.832497,79.379997,79.577499,146537600,78.527199
1/27/20,77.514999,77.942497,76.220001,77.237503,161940000,76.218079
1/28/20,78.150002,79.599998,78.047501,79.422501,162234000,78.374237
1/29/20,81.112503,81.962502,80.345001,81.084999,216229200,80.014801
1/30/20,80.135002,81.022499,79.6875,80.967499,126743200,79.898849
1/31/20,80.232498,80.669998,77.072502,77.377502,199588400,76.356224
2/3/20,76.074997,78.372498,75.555,77.165001,173788400,76.146545
2/4/20,78.827499,79.910004,78.407501,79.712502,136616400,78.660416
2/5/20,80.879997,81.190002,79.737503,80.362503,118826800,79.301826
2/6/20,80.642502,81.305,80.065002,81.302498,105425600,80.229431
2/7/20,80.592499,80.849998,79.5,80.0075,117684000,79.138901
2/10/20,78.544998,80.387497,78.462502,80.387497,109348800,79.514771
2/11/20,80.900002,80.974998,79.677498,79.902496,94323200,79.035027
2/12/20,80.3675,81.805,80.3675,81.800003,113730400,80.911942
2/13/20,81.047501,81.555,80.837502,81.217499,94747600,80.335754
2/14/20,81.184998,81.495003,80.712502,81.237503,80113600,80.355545
2/18/20,78.839996,79.9375,78.652496,79.75,152531200,78.884193
2/19/20,80,81.142502,80,80.904999,93984000,80.026649
2/20/20,80.657501,81.162498,79.552498,80.074997,100566000,79.205658
2/21/20,79.654999,80.112503,77.625,78.262497,129554000,77.412834
2/24/20,74.315002,76.044998,72.307503,74.544998,222195200,73.735695
2/25/20,75.237503,75.6325,71.532501,72.019997,230673600,71.238098
2/26/20,71.6325,74.470001,71.625,73.162498,198054800,72.36821
2/27/20,70.275002,71.5,68.239998,68.379997,320605600,67.637627
2/28/20,64.315002,69.602501,64.092499,68.339996,426510000,67.598061
3/2/20,70.57,75.360001,69.43,74.702499,341397200,73.891487
3/3/20,75.917503,76,71.449997,72.330002,319475600,71.544739
3/4/20,74.110001,75.849998,73.282501,75.684998,219178400,74.863312
3/5/20,73.879997,74.887497,72.852501,73.230003,187572800,72.434975
3/6/20,70.5,72.705002,70.307503,72.2575,226176800,71.473038
3/9/20,65.9375,69.522499,65.75,66.542503,286744800,65.820076
3/10/20,69.285004,71.610001,67.342499,71.334999,285290000,70.560547
3/11/20,69.347504,70.305,67.964996,68.857498,255598800,68.10994
3/12/20,63.985001,67.5,62,62.057499,418474000,61.383766
3/13/20,66.222504,69.980003,63.237499,69.4925,370732000,68.738045
3/16/20,60.487499,64.769997,60,60.552502,322423600,59.895107
3/17/20,61.877499,64.402496,59.599998,63.215,324056000,62.528698
3/18/20,59.942501,62.5,59.279999,61.6675,300233600,60.998001
3/19/20,61.8475,63.209999,60.6525,61.195,271857200,60.530632
3/20/20,61.794998,62.9575,57,57.310001,401693200,56.687817
3/23/20,57.02,57.125,53.1525,56.092499,336752800,55.483528
3/24/20,59.09,61.922501,58.575001,61.720001,287531200,61.049938
3/25/20,62.6875,64.5625,61.075001,61.380001,303602000,60.713623
3/26/20,61.630001,64.669998,61.59,64.610001,252087200,63.908562
3/27/20,63.1875,63.967499,61.762501,61.935001,204216800,61.2626
3/30/20,62.685001,63.880001,62.349998,63.702499,167976400,63.010906
3/31/20,63.900002,65.622498,63,63.572498,197002000,62.88232
4/1/20,61.625,62.18,59.782501,60.227501,176218400,59.573639
4/2/20,60.084999,61.287498,59.224998,61.232498,165934000,60.567726
4/3/20,60.700001,61.424999,59.7425,60.352501,129880000,59.697277
4/6/20,62.724998,65.777496,62.345001,65.6175,201820400,64.905113
4/7/20,67.699997,67.925003,64.75,64.857498,202887200,64.153374
4/8/20,65.684998,66.842499,65.307503,66.517502,168895200,65.795349
4/9/20,67.175003,67.517502,66.175003,66.997498,161834800,66.270126
4/13/20,67.077499,68.425003,66.457497,68.3125,131022800,67.570862
4/14/20,70,72.0625,69.512497,71.762497,194994800,70.983391
4/15/20,70.599998,71.582497,70.157501,71.107498,131154400,70.33551
4/16/20,71.845001,72.050003,70.587502,71.672501,157125200,70.894386
4/17/20,71.172501,71.737503,69.214996,70.699997,215250000,69.932442
4/20/20,69.487503,70.419998,69.212502,69.232498,130015200,68.480873
4/21/20,69.07,69.3125,66.357498,67.092499,180991600,66.364113
4/22/20,68.402496,69.474998,68.050003,69.025002,116862400,68.275627
4/23/20,68.967499,70.4375,68.717499,68.7575,124814400,68.011032
4/24/20,69.300003,70.752502,69.25,70.7425,126161200,69.974472
4/27/20,70.449997,71.135002,69.987503,70.792503,117087600,70.023941
4/28/20,71.269997,71.457497,69.550003,69.644997,112004800,68.888901
4/29/20,71.182503,72.417503,70.972504,71.932503,137280800,71.151558
4/30/20,72.489998,73.6325,72.087502,73.449997,183064000,72.65258
5/1/20,71.5625,74.75,71.462502,72.267502,240616800,71.482933
5/4/20,72.292503,73.422501,71.580002,73.290001,133568000,72.494324
5/5/20,73.764999,75.25,73.614998,74.389999,147751200,73.582382
5/6/20,75.114998,75.809998,74.717499,75.157501,142333600,74.341537
5/7/20,75.805,76.292503,75.4925,75.934998,115215200,75.110603
5/8/20,76.410004,77.587502,76.072502,77.532501,133838400,76.898361
5/11/20,77.025002,79.262497,76.809998,78.752502,145946400,78.108383
5/12/20,79.457497,79.922501,77.727501,77.852501,162301200,77.215744
5/13/20,78.037498,78.987503,75.802498,76.912498,200622400,76.283424
5/14/20,76.127502,77.447502,75.3825,77.385002,158929200,76.752075
5/15/20,75.087502,76.974998,75.052498,76.927498,166348400,76.298309
5/18/20,78.292503,79.125,77.580002,78.739998,135178400,78.095993
5/19/20,78.7575,79.629997,78.252502,78.285004,101729600,77.644714
5/20/20,79.169998,79.879997,79.129997,79.807503,111504800,79.154762
5/21/20,79.665001,80.222504,78.967499,79.212502,102688800,78.564621
5/22/20,78.942497,79.807503,78.837502,79.722504,81803200,79.070457
5/26/20,80.875,81.059998,79.125,79.182503,125522000,78.534874
5/27/20,79.035004,79.677498,78.272499,79.527496,112945200,78.877037
5/28/20,79.192497,80.860001,78.907501,79.5625,133560800,78.911751
5/29/20,79.8125,80.287498,79.1175,79.485001,153532400,78.8349
6/1/20,79.4375,80.587502,79.302498,80.462502,80791200,79.804398
6/2/20,80.1875,80.860001,79.732498,80.834999,87642800,80.173843
6/3/20,81.165001,81.550003,80.574997,81.279999,104491200,80.615211
6/4/20,81.097504,81.404999,80.195,80.580002,87560400,79.920944
6/5/20,80.837502,82.9375,80.807503,82.875,137250400,82.197174
6/8/20,82.5625,83.400002,81.830002,83.364998,95654400,82.683151
6/9/20,83.035004,86.402496,83.002502,85.997498,147712400,85.294128
6/10/20,86.974998,88.692497,86.522499,88.209999,166651600,87.488533
6/11/20,87.327499,87.764999,83.870003,83.974998,201662400,83.28817
6/12/20,86.18,86.949997,83.555,84.699997,200146000,84.007233
6/15/20,83.3125,86.419998,83.144997,85.747498,138808800,85.046173
6/16/20,87.864998,88.300003,86.18,88.019997,165428800,87.300087
6/17/20,88.787498,88.849998,87.772499,87.897499,114406400,87.178589
6/18/20,87.852501,88.362503,87.305,87.932503,96820400,87.213303
6/19/20,88.660004,89.139999,86.287498,87.43,264476000,86.714905
6/22/20,87.834999,89.864998,87.787498,89.717499,135445200,88.983704
6/23/20,91,93.095001,90.567497,91.6325,212155600,90.883034
6/24/20,91.25,92.197502,89.629997,90.014999,192623200,89.27877
6/25/20,90.175003,91.25,89.392502,91.209999,137522400,90.463997
6/26/20,91.102501,91.330002,88.254997,88.407501,205256800,87.684418
6/29/20,88.3125,90.542503,87.82,90.445,130646000,89.705254
6/30/20,90.019997,91.495003,90,91.199997,140223200,90.454079
7/1/20,91.279999,91.839996,90.977501,91.027496,110737200,90.282982
7/2/20,91.962502,92.6175,90.910004,91.027496,114041600,90.282982
7/6/20,92.5,93.945,92.467499,93.462502,118655600,92.698074
7/7/20,93.852501,94.654999,93.057503,93.172501,112424400,92.410439
7/8/20,94.18,95.375,94.089996,95.342499,117092000,94.562691
7/9/20,96.262497,96.317497,94.672501,95.752502,125642800,94.969345
7/10/20,95.334999,95.980003,94.705002,95.919998,90257200,95.135475
7/13/20,97.264999,99.955002,95.2575,95.477501,191649200,94.696594
7/14/20,94.839996,97.254997,93.877502,97.057503,170989200,96.263672
7/15/20,98.989998,99.247498,96.489998,97.724998,153198000,96.925705
7/16/20,96.5625,97.404999,95.904999,96.522499,110577600,95.73304
7/17/20,96.987503,97.147499,95.839996,96.327499,92186800,95.539635
7/20/20,96.417503,98.5,96.0625,98.357498,90318000,97.553032
7/21/20,99.172501,99.25,96.7425,97,103433200,96.206642
7/22/20,96.692497,97.974998,96.602501,97.272499,89001600,96.476906
7/23/20,96.997498,97.077499,92.010002,92.845001,197004400,92.085625
7/24/20,90.987503,92.970001,89.144997,92.614998,185438800,91.857506
7/27/20,93.709999,94.904999,93.480003,94.809998,121214000,94.034538
7/28/20,94.3675,94.550003,93.247498,93.252502,103625600,92.489784
7/29/20,93.75,95.230003,93.712502,95.040001,90329200,94.262657
7/30/20,94.1875,96.297501,93.767502,96.190002,158130000,95.403267
7/31/20,102.885002,106.415001,100.824997,106.260002,374336800,105.390907
8/3/20,108.199997,111.637497,107.892502,108.9375,308151200,108.046509
8/4/20,109.1325,110.790001,108.387497,109.665001,173071600,108.768059
8/5/20,109.377502,110.392502,108.897499,110.0625,121776800,109.162292
8/6/20,110.404999,114.412498,109.797501,113.902496,202428800,112.970894
8/7/20,113.205002,113.675003,110.292503,111.112503,198045600,110.40242
8/10/20,112.599998,113.775002,110,112.727501,212403600,112.007095
8/11/20,111.970001,112.482498,109.107498,109.375,187902400,108.67601
8/12/20,110.497498,113.275002,110.297501,113.010002,165598000,112.287788
8/13/20,114.43,116.042503,113.927498,115.010002,210082000,114.275002
8/14/20,114.830002,115,113.044998,114.907501,165565200,114.173164
8/17/20,116.0625,116.087502,113.962502,114.607498,119561600,113.875069
8/18/20,114.352501,116,114.0075,115.5625,105633600,114.823975
8/19/20,115.982498,117.162498,115.610001,115.707497,145538000,114.968048
8/20/20,115.75,118.392502,115.732498,118.275002,126907200,117.519142
8/21/20,119.262497,124.8675,119.25,124.370003,338054800,123.575188
8/24/20,128.697495,128.785004,123.9375,125.857498,345937600,125.053177
8/25/20,124.697502,125.18,123.052498,124.824997,211495600,124.027283
8/26/20,126.18,126.9925,125.082497,126.522499,163022400,125.713928
8/27/20,127.142502,127.485001,123.832497,125.010002,155552400,124.211098
8/28/20,126.012497,126.442497,124.577499,124.807503,187630000,124.009895
8/31/20,127.580002,131,126,129.039993,225702700,128.215347
9/1/20,132.759995,134.800003,130.529999,134.179993,151948100,133.322495
9/2/20,137.589996,137.979996,127,131.399994,200119000,130.560257
9/3/20,126.910004,128.839996,120.5,120.879997,257599600,120.107483
9/4/20,120.07,123.699997,110.889999,120.959999,332607200,120.186981
9/8/20,113.949997,118.989998,112.68,112.82,231366600,112.098999
9/9/20,117.260002,119.139999,115.260002,117.32,176940500,116.570236
9/10/20,120.360001,120.5,112.5,113.489998,182274400,112.764717
9/11/20,114.57,115.230003,110,112,180860300,111.284241
9/14/20,114.720001,115.93,112.800003,115.360001,140150100,114.622765
9/15/20,118.330002,118.830002,113.610001,115.540001,184642000,114.80162
9/16/20,115.230003,116,112.040001,112.129997,154679000,111.413406
9/17/20,109.720001,112.199997,108.709999,110.339996,178011000,109.63485
9/18/20,110.400002,110.879997,106.089996,106.839996,287104900,106.157211
9/21/20,104.540001,110.190002,103.099998,110.080002,195713800,109.376511
9/22/20,112.68,112.860001,109.160004,111.809998,183055400,111.095444
9/23/20,111.620003,112.110001,106.769997,107.120003,150718700,106.435432
9/24/20,105.169998,110.25,105,108.220001,167743300,107.528404
9/25/20,108.43,112.440002,107.669998,112.279999,149981400,111.562439
9/28/20,115.010002,115.32,112.779999,114.959999,137672400,114.225311
9/29/20,114.550003,115.309998,113.57,114.089996,99382200,113.360878
9/30/20,113.790001,117.260002,113.620003,115.809998,142675200,115.069893
10/1/20,117.639999,117.720001,115.830002,116.790001,116120400,116.043625
10/2/20,112.889999,115.370003,112.220001,113.019997,144712000,112.297722
10/5/20,113.910004,116.650002,113.550003,116.5,106243800,115.755478
10/6/20,115.699997,116.120003,112.25,113.160004,161498200,112.436829
10/7/20,114.620003,115.550003,114.129997,115.080002,96849000,114.344559
10/8/20,116.25,116.400002,114.589996,114.970001,83477200,114.23526
10/9/20,115.279999,117,114.919998,116.970001,100506900,116.222473
10/12/20,120.059998,125.18,119.279999,124.400002,240226800,123.604996
10/13/20,125.269997,125.389999,119.650002,121.099998,262330500,120.326073
10/14/20,121,123.029999,119.620003,121.190002,150712000,120.415512
10/15/20,118.720001,121.199997,118.150002,120.709999,112559200,119.938568
10/16/20,121.279999,121.550003,118.809998,119.019997,115393800,118.259369
10/19/20,119.959999,120.419998,115.660004,115.980003,120639300,115.2388
10/20/20,116.199997,118.980003,115.629997,117.510002,124423700,116.759033
10/21/20,116.669998,118.709999,116.449997,116.870003,89946000,116.123123
10/22/20,117.449997,118.040001,114.589996,115.75,101988000,115.010269
10/23/20,116.389999,116.550003,114.279999,115.040001,82572600,114.304817
10/26/20,114.010002,116.550003,112.879997,115.050003,111850700,114.314751
10/27/20,115.489998,117.279999,114.540001,116.599998,92276800,115.854843
10/28/20,115.050003,115.43,111.099998,111.199997,143937800,110.489349
10/29/20,112.370003,116.93,112.199997,115.32,146129200,114.583023
10/30/20,111.059998,111.989998,107.720001,108.860001,190272600,108.164307
11/2/20,109.110001,110.68,107.32,108.769997,122866900,108.074883
11/3/20,109.660004,111.489998,108.730003,110.440002,107624400,109.734207
11/4/20,114.139999,115.589996,112.349998,114.949997,138235500,114.215385
11/5/20,117.949997,119.620003,116.870003,119.029999,126387100,118.26931
11/6/20,118.32,119.199997,116.129997,118.690002,114457900,118.134956
11/9/20,120.5,121.989998,116.050003,116.32,154515300,115.776031
11/10/20,115.550003,117.589996,114.129997,115.970001,138023400,115.427666
11/11/20,117.190002,119.629997,116.440002,119.489998,112295000,118.931198
11/12/20,119.620003,120.529999,118.57,119.209999,103162300,118.652512
11/13/20,119.440002,119.669998,117.870003,119.260002,81581900,118.702278
11/16/20,118.919998,120.989998,118.150002,120.300003,91183000,119.737419
11/17/20,119.550003,120.669998,118.959999,119.389999,74271000,118.831673
11/18/20,118.610001,119.82,118,118.029999,76322100,117.478035
11/19/20,117.589996,119.059998,116.809998,118.639999,74113000,118.085182
11/20/20,118.639999,118.769997,117.290001,117.339996,73604300,116.79126
11/23/20,117.18,117.620003,113.75,113.849998,127959300,113.317581
11/24/20,113.910004,115.849998,112.589996,115.169998,113874200,114.631409
11/25/20,115.550003,116.75,115.169998,116.029999,76499200,115.487389
11/27/20,116.57,117.489998,116.220001,116.589996,46691300,116.044762
11/30/20,116.970001,120.970001,116.809998,119.050003,169410200,118.493263
12/1/20,121.010002,123.470001,120.010002,122.720001,127728200,122.146103
12/2/20,122.019997,123.370003,120.889999,123.080002,89004200,122.504417
12/3/20,123.519997,123.779999,122.209999,122.940002,78967600,122.365074
12/4/20,122.599998,122.860001,121.519997,122.25,78260400,121.678307
12/7/20,122.309998,124.57,122.25,123.75,86712000,123.171288
12/8/20,124.370003,124.980003,123.089996,124.379997,82225500,123.79834
12/9/20,124.529999,125.949997,121,121.779999,115089200,121.210495
12/10/20,120.5,123.870003,120.150002,123.239998,81312200,122.663666
12/11/20,122.43,122.760002,120.550003,122.410004,86939800,121.837555
12/14/20,122.599998,123.349998,121.540001,121.779999,79184500,121.210495
12/15/20,124.339996,127.900002,124.129997,127.879997,157243700,127.28196
12/16/20,127.410004,128.369995,126.559998,127.809998,98208600,127.212296
12/17/20,128.899994,129.580002,128.039993,128.699997,94359800,128.098129
12/18/20,128.960007,129.100006,126.120003,126.660004,192541500,126.06768
12/21/20,125.019997,128.309998,123.449997,128.229996,121251600,127.630325
12/22/20,131.610001,134.410004,129.649994,131.880005,168904800,131.26326
12/23/20,132.160004,132.429993,130.779999,130.960007,88223700,130.347565
12/24/20,131.320007,133.460007,131.100006,131.970001,54930100,131.352829
12/28/20,133.990005,137.339996,133.509995,136.690002,124486200,136.050766
12/29/20,138.050003,138.789993,134.339996,134.869995,121047300,134.239273
12/30/20,135.580002,135.990005,133.399994,133.720001,96452100,133.09465
12/31/20,134.080002,134.740005,131.720001,132.690002,99116600,132.069473
1/4/21,133.520004,133.610001,126.760002,129.410004,143301900,128.804825
1/5/21,128.889999,131.740005,128.429993,131.009995,97664900,130.397324
1/6/21,127.720001,131.050003,126.379997,126.599998,155088000,126.007957
1/7/21,128.360001,131.630005,127.860001,130.919998,109578200,130.307755
1/8/21,132.429993,132.630005,130.229996,132.050003,105158200,131.432465
1/11/21,129.190002,130.169998,128.5,128.979996,100384500,128.376831
1/12/21,128.5,129.690002,126.860001,128.800003,91951100,128.197662
1/13/21,128.759995,131.449997,128.490005,130.889999,88636800,130.277893
1/14/21,130.800003,131,128.759995,128.910004,90221800,128.307175
1/15/21,128.779999,130.220001,127,127.139999,111598500,126.545425
1/19/21,127.779999,128.710007,126.940002,127.830002,90757300,127.232201
1/20/21,128.660004,132.490005,128.550003,132.029999,104319500,131.412567
1/21/21,133.800003,139.669998,133.589996,136.869995,120150900,136.229919
1/22/21,136.279999,139.850006,135.020004,139.070007,114459400,138.419647
1/25/21,143.070007,145.089996,136.539993,142.919998,157611700,142.251633
1/26/21,143.600006,144.300003,141.369995,143.160004,98390600,142.490524
1/27/21,143.429993,144.300003,140.410004,142.059998,140843800,141.39566
1/28/21,139.520004,141.990005,136.699997,137.089996,142621100,136.448898
1/29/21,135.830002,136.740005,130.210007,131.960007,177523800,131.34288
2/1/21,133.75,135.380005,130.929993,134.139999,106239800,133.51268
2/2/21,135.729996,136.309998,134.610001,134.990005,83305400,134.358719
2/3/21,135.759995,135.770004,133.610001,133.940002,89880900,133.313644
2/4/21,136.300003,137.399994,134.589996,137.389999,84183100,136.747498
2/5/21,137.350006,137.419998,135.860001,136.759995,75693800,136.323837
2/8/21,136.029999,136.960007,134.919998,136.910004,71297200,136.473373
2/9/21,136.619995,137.880005,135.850006,136.009995,76774200,135.576233
2/10/21,136.479996,136.990005,134.399994,135.389999,73046600,134.958206
2/11/21,135.899994,136.389999,133.770004,135.130005,64280000,134.699051
2/12/21,134.350006,135.529999,133.690002,135.369995,60145100,134.938263
2/16/21,135.490005,136.009995,132.789993,133.190002,80576300,132.765244
2/17/21,131.25,132.220001,129.470001,130.839996,97918500,130.422729
2/18/21,129.199997,130,127.410004,129.710007,96856700,129.296326
2/19/21,130.240005,130.710007,128.800003,129.869995,87668800,129.455826
2/22/21,128.009995,129.720001,125.599998,126,103916400,125.598167
2/23/21,123.760002,126.709999,118.389999,125.860001,158273000,125.458611
2/24/21,124.940002,125.559998,122.230003,125.349998,111039900,124.950233
2/25/21,124.68,126.459999,120.540001,120.989998,148199500,120.604141
2/26/21,122.589996,124.849998,121.199997,121.260002,164560400,120.873283
3/1/21,123.75,127.93,122.790001,127.790001,116307900,127.382462
3/2/21,128.410004,128.720001,125.010002,125.120003,102260900,124.72097
3/3/21,124.809998,125.709999,121.839996,122.059998,112966300,121.670723
3/4/21,121.75,123.599998,118.620003,120.129997,178155000,119.74688
3/5/21,120.980003,121.940002,117.57,121.419998,153766600,121.032768
3/8/21,120.93,121,116.209999,116.360001,154376600,115.988907
3/9/21,119.029999,122.059998,118.790001,121.089996,129525800,120.703819
3/10/21,121.690002,122.169998,119.449997,119.980003,111943300,119.597374
3/11/21,122.540001,123.209999,121.260002,121.959999,103026500,121.571045
3/12/21,120.400002,121.169998,119.160004,121.029999,88105100,120.644012
3/15/21,121.410004,124,120.419998,123.989998,92403800,123.594574
3/16/21,125.699997,127.220001,124.720001,125.57,115227900,125.169533
3/17/21,124.050003,125.860001,122.339996,124.760002,111932600,124.362122
3/18/21,122.879997,123.18,120.32,120.529999,121229700,120.145607
3/19/21,119.900002,121.43,119.68,119.989998,185549500,119.60733
3/22/21,120.330002,123.870003,120.260002,123.389999,111912300,122.99649
3/23/21,123.330002,124.239998,122.139999,122.540001,95467100,122.1492
3/24/21,122.82,122.900002,120.07,120.089996,88530500,119.707008
3/25/21,119.540001,121.660004,119,120.589996,98844700,120.205414
3/26/21,120.349998,121.480003,118.919998,121.209999,94071200,120.823441
3/29/21,121.650002,122.580002,120.730003,121.389999,80819200,121.002861
3/30/21,120.110001,120.400002,118.860001,119.900002,85671900,119.517616
3/31/21,121.650002,123.519997,121.150002,122.150002,118323800,121.760445
4/1/21,123.660004,124.18,122.489998,123,75089100,122.607727
4/5/21,123.870003,126.160004,123.07,125.900002,88651200,125.498489
4/6/21,126.5,127.129997,125.650002,126.209999,80171300,125.807495
4/7/21,125.830002,127.919998,125.139999,127.900002,83466700,127.492104
4/8/21,128.949997,130.389999,128.520004,130.360001,88844600,129.94426
4/9/21,129.800003,133.039993,129.470001,133,106686700,132.575836
4/12/21,132.520004,132.850006,130.630005,131.240005,91420000,130.821457
4/13/21,132.440002,134.660004,131.929993,134.429993,91266500,134.001266
4/14/21,134.940002,135,131.660004,132.029999,87222800,131.608932
4/15/21,133.820007,135,133.639999,134.5,89347100,134.07106
4/16/21,134.300003,134.669998,133.279999,134.160004,84922400,133.732147
4/19/21,133.509995,135.470001,133.339996,134.839996,94264200,134.409958
4/20/21,135.020004,135.529999,131.809998,133.110001,94812300,132.685501
4/21/21,132.360001,133.75,131.300003,133.5,68847100,133.074234
4/22/21,133.039993,134.149994,131.410004,131.940002,84566500,131.519226
4/23/21,132.160004,135.119995,132.160004,134.320007,78657500,133.891632
4/26/21,134.830002,135.059998,133.559998,134.720001,66905100,134.290359
4/27/21,135.009995,135.410004,134.110001,134.389999,66015800,133.961395
4/28/21,134.309998,135.020004,133.080002,133.580002,107760100,133.153992
4/29/21,136.470001,137.070007,132.449997,133.479996,151101000,133.054306
4/30/21,131.779999,133.559998,131.070007,131.460007,109839500,131.040756
5/3/21,132.039993,134.070007,131.830002,132.539993,75135100,132.117294
5/4/21,131.190002,131.490005,126.699997,127.849998,137564700,127.442261
5/5/21,129.199997,130.449997,127.970001,128.100006,84000900,127.691475
5/6/21,127.889999,129.75,127.129997,129.740005,78128300,129.326233
5/7/21,130.850006,131.259995,129.479996,130.210007,78973300,130.015213
5/10/21,129.410004,129.539993,126.809998,126.849998,88071200,126.660225
5/11/21,123.5,126.269997,122.769997,125.910004,126142800,125.721642
5/12/21,123.400002,124.639999,122.25,122.769997,112172300,122.586334
5/13/21,124.580002,126.150002,124.260002,124.970001,105861300,124.783043
5/14/21,126.25,127.889999,125.849998,127.449997,81918000,127.259331
5/17/21,126.82,126.93,125.169998,126.269997,74244600,126.081093
5/18/21,126.559998,126.989998,124.779999,124.849998,63342900,124.663223
5/19/21,123.160004,124.919998,122.860001,124.690002,92612000,124.503464
5/20/21,125.230003,127.720001,125.099998,127.309998,76857100,127.119537
5/21/21,127.82,128,125.209999,125.43,79295400,125.242355
5/24/21,126.010002,127.940002,125.940002,127.099998,63092900,126.909851
5/25/21,127.82,128.320007,126.32,126.900002,72009500,126.710159
5/26/21,126.959999,127.389999,126.419998,126.849998,56575900,126.660225
5/27/21,126.440002,127.639999,125.080002,125.279999,94625600,125.092575
5/28/21,125.57,125.800003,124.550003,124.610001,71311100,124.423584
6/1/21,125.080002,125.349998,123.940002,124.279999,67637100,124.09407
6/2/21,124.279999,125.239998,124.050003,125.059998,59278900,124.872902
6/3/21,124.68,124.849998,123.129997,123.540001,76229200,123.355186
6/4/21,124.07,126.160004,123.849998,125.889999,75169300,125.701668
6/7/21,126.169998,126.32,124.830002,125.900002,71057600,125.711655
6/8/21,126.599998,128.460007,126.209999,126.739998,74403800,126.550392
6/9/21,127.209999,127.75,126.519997,127.129997,56877900,126.939812
6/10/21,127.019997,128.190002,125.940002,126.110001,71186400,125.921341
6/11/21,126.529999,127.440002,126.099998,127.349998,53522400,127.159477
6/14/21,127.82,130.539993,127.07,130.479996,96906500,130.28479
6/15/21,129.940002,130.600006,129.389999,129.639999,62746300,129.44606
6/16/21,130.369995,130.889999,128.460007,130.149994,91815000,129.955292
6/17/21,129.800003,132.550003,129.649994,131.789993,96721700,131.592834
6/18/21,130.710007,131.509995,130.240005,130.460007,108953300,130.264832
6/21/21,130.300003,132.410004,129.210007,132.300003,79663300,132.102081
6/22/21,132.130005,134.080002,131.619995,133.979996,74783600,133.779556
6/23/21,133.770004,134.320007,133.229996,133.699997,60214200,133.499985
6/24/21,134.449997,134.639999,132.929993,133.410004,68711000,133.210419
6/25/21,133.460007,133.889999,132.809998,133.110001,70783700,132.910873
6/28/21,133.410004,135.25,133.350006,134.779999,62111300,134.578369
6/29/21,134.800003,136.490005,134.350006,136.330002,64556100,136.126053
6/30/21,136.169998,137.410004,135.869995,136.960007,63261400,136.755112
7/1/21,136.600006,137.330002,135.759995,137.270004,52485800,137.064651
7/2/21,137.899994,140,137.75,139.960007,78852600,139.750626
7/6/21,140.070007,143.149994,140.070007,142.020004,108181800,141.807541
7/7/21,143.539993,144.889999,142.660004,144.570007,104911600,144.353729
7/8/21,141.580002,144.059998,140.669998,143.240005,105575500,143.025711
7/9/21,142.75,145.649994,142.649994,145.110001,99890800,144.892914
7/12/21,146.210007,146.320007,144,144.5,76299700,144.283829
7/13/21,144.029999,147.460007,143.630005,145.639999,100827100,145.422119
7/14/21,148.100006,149.570007,147.679993,149.149994,127050800,148.926865
7/15/21,149.240005,150,147.089996,148.479996,106820300,148.257874
7/16/21,148.460007,149.759995,145.880005,146.389999,93251400,146.17099
7/19/21,143.75,144.070007,141.669998,142.449997,121434600,142.236893
7/20/21,143.460007,147.100006,142.960007,146.149994,96350000,145.931351
7/21/21,145.529999,146.130005,144.630005,145.399994,74993500,145.18248
7/22/21,145.940002,148.199997,145.809998,146.800003,77338200,146.580383
7/23/21,147.550003,148.720001,146.919998,148.559998,71447400,148.337753
7/26/21,148.270004,149.830002,147.699997,148.990005,72434100,148.76712
7/27/21,149.119995,149.210007,145.550003,146.770004,104818600,146.55043
7/28/21,144.809998,146.970001,142.539993,144.979996,118931200,144.763107
7/29/21,144.690002,146.550003,144.580002,145.639999,56699500,145.422119
7/30/21,144.380005,146.330002,144.110001,145.860001,70382000,145.641785